<!--<?xml version="1.0" encoding="utf-8"?>-->
<odoo>
    <data>
        <!-- Perfect Lead Data for 100/100 AI Scoring -->

        <!-- Lead 1: Tech Company CEO -->
        <record id="demo_lead_perfect_1" model="crm.lead">
            <field name="name">Enterprise Software Implementation Project</field>
            <field name="partner_name">Rajesh Kumar</field>
            <field name="street">Block A-3, Sector 15, Cyber City, DLF Phase 2, Gurugram, Haryana 122002</field>
            <field name="website">https://www.technovainnovations.com</field>
            <field name="email_from">rajesh.kumar@technovainnovations.com</field>
            <field name="function">Chief Executive Officer and Founder</field>
            <field name="phone">+91-124-4567890</field>
            <field name="mobile">+91-9876543210</field>
            <field name="description">High-priority enterprise client seeking comprehensive ERP solution for 500+ employee organization. Annual revenue $10M+. Immediate implementation required. Budget pre-approved $500K. Decision maker directly involved. Previous successful implementations with SAP and Oracle. Strong technical team in place. Quarterly review meetings scheduled. Multi-location deployment across 5 cities. Integration with existing CRM and financial systems required. Timeline: 6 months. ROI expected within 18 months.</field>
        </record>

        <!-- Lead 2: Healthcare Industry Director -->
        <record id="demo_lead_perfect_2" model="crm.lead">
            <field name="name">Hospital Management System Upgrade</field>
            <field name="partner_name">Dr. Priya Sharma</field>
            <field name="street">Medical Complex, AIIMS Road, Ansari Nagar, New Delhi 110029</field>
            <field name="website">https://www.apollohealthcare.in</field>
            <field name="email_from">priya.sharma@apollohealthcare.in</field>
            <field name="function">Director of Information Technology</field>
            <field name="phone">+91-11-26588500</field>
            <field name="mobile">+91-9812345678</field>
            <field name="description">Leading healthcare provider with 15 hospitals nationwide seeking advanced HMS solution. Current system end-of-life in 3 months. Budget allocated $2M for digital transformation. NABH accreditation compliance required. Integration with lab systems, pharmacy, and billing modules essential. 24/7 support needed. Staff training for 1000+ users. Government tender process initiated. Technical evaluation in progress. Proof of concept completed successfully. References from similar healthcare implementations verified.</field>
        </record>

        <!-- Lead 3: Manufacturing Company VP -->
        <record id="demo_lead_perfect_3" model="crm.lead">
            <field name="name">Smart Manufacturing Digital Transformation</field>
            <field name="partner_name">Amit Patel</field>
            <field name="street">Plot No. 156, Industrial Area Phase 1, Chandigarh 160002</field>
            <field name="website">https://www.patelmfg.com</field>
            <field name="email_from">amit.patel@patelmfg.com</field>
            <field name="function">Vice President - Operations and Technology</field>
            <field name="phone">+91-172-2665432</field>
            <field name="mobile">+91-9988776655</field>
            <field name="description">ISO 9001 certified manufacturing company with 25-year track record seeking Industry 4.0 transformation. Production capacity 10,000 units/month. Export to 15+ countries. Current manual processes causing 15% efficiency loss. Board approval secured for $750K investment. Pilot project successful at Mumbai facility. Rollout planned across 4 manufacturing plants. Integration with existing MES and quality control systems. Real-time dashboard requirements. Vendor evaluation phase - shortlisted to final 3 suppliers. Implementation timeline: 8 months.</field>
        </record>
    </data>
</odoo>